data;horario;n_da_ocorrencia;tipo_de_ocorrencia;km;trecho;sentido;tipo_de_acidente;automovel;bicicleta;caminhao;moto;onibus;outros;tracao_animal;transporte_de_cargas_especiais;trator_maquinas;utilitarios;ilesos;levemente_feridos;moderadamente_feridos;gravemente_feridos;mortos
"24/05/2024";"02:02:25";"8004";"Sem vítima";"256,600";"BR-277/PR";"Decrescente";"Saída de pista";1;0;0;0;0;0;0;0;0;0;1;0;0;0;0
"24/05/2024";"05:30:10";"8015";"Com vítima";"235,780";"BR-373/PR";"Crescente";"Saída de pista";0;0;1;0;0;0;0;0;0;0;0;0;0;0;1
"24/05/2024";"08:48:43";"8031";"Sem vítima";"597,779";"BR-376/PR";"Decrescente";"Colisão lateral no mesmo sentido";0;0;1;0;0;0;0;0;0;1;2;0;0;0;0
"24/05/2024";"09:01:00";"8032";"Sem vítima";"240,700";"BR-277/PR";"Crescente";"Choque";1;0;0;0;0;0;0;0;0;0;3;0;0;0;0
"25/05/2024";"02:19:26";"8041";"Sem vítima";"129,000";"BR-277/PR";"Crescente";"Colisão lateral no mesmo sentido";1;0;1;0;0;0;0;0;0;0;1;0;0;0;0
"25/05/2024";"07:17:52";"8109";"Sem vítima";"303,000";"BR-277/PR";"Decrescente";"Tombamento";0;0;1;0;0;0;0;0;0;0;1;0;0;0;0
"25/05/2024";"07:17:58";"8108";"Sem vítima";"599,779";"BR-376/PR";"Crescente";"Colisão lateral no mesmo sentido";1;0;1;0;0;0;0;0;0;0;1;0;0;0;0
"25/05/2024";"08:12:00";"8111";"Com vítima";"107,500";"BR-277/PR";"Crescente";"Colisão traseira";1;0;0;1;0;0;0;0;0;0;1;1;0;0;0
"25/05/2024";"09:39:20";"8113";"Com vítima";"146,000";"BR-476/PR";"Decrescente";"Colisão traseira";2;0;0;0;0;0;0;0;0;0;4;1;0;0;0
"26/05/2024";"02:50:09";"8123";"Com vítima";"222,000";"BR-373/PR";"Crescente";"Queda de moto";0;0;0;1;0;0;0;0;0;0;1;0;1;0;0
"26/05/2024";"03:23:02";"8125";"Com vítima";"221,000";"BR-373/PR";"Crescente";"Colisão lateral no mesmo sentido";2;0;1;0;0;0;0;0;0;0;3;2;0;0;0
"26/05/2024";"08:47:00";"8138";"Com vítima";"145,450";"BR-476/PR";"Crescente";"Colisão frontal";2;0;0;0;0;0;0;0;0;0;0;2;0;2;1
"26/05/2024";"03:19:44";"8166";"Sem vítima";"134,000";"BR-277/PR";"Decrescente";"Atropelamento de animal";1;0;0;0;0;0;0;0;0;0;0;0;0;0;0
"27/05/2024";"03:16:53";"8198";"Sem vítima";"136,000";"BR-277/PR";"Decrescente";"Saída de pista";1;0;0;0;0;0;0;0;0;0;1;0;0;0;0
"27/05/2024";"07:06:00";"8230";"Sem vítima";"111,500";"BR-277/PR";"Crescente";"Saída de pista";1;0;0;0;0;0;0;0;0;0;2;0;0;0;0
"27/05/2024";"10:56:35";"8250";"Sem vítima";"137,000";"BR-277/PR";"Decrescente";"Colisão traseira";1;0;0;0;0;0;0;0;0;0;0;0;0;0;0
"27/05/2024";"11:32:00";"8254";"Sem vítima";"137,000";"BR-277/PR";"Decrescente";"Choque";0;0;0;0;0;0;0;0;0;1;1;0;0;0;0
"27/05/2024";"02:47:00";"8268";"Sem vítima";"148,000";"BR-476/PR";"Decrescente";"Engavetamento";1;0;2;0;0;0;0;0;0;0;3;0;0;0;0
"27/05/2024";"03:38:30";"8272";"Sem vítima";"35,000";"423/PR";"Decrescente";"Colisão traseira";0;0;2;0;0;0;0;0;0;0;2;0;0;0;0
"27/05/2024";"05:48:34";"8279";"Sem vítima";"39,050";"427/PR";"Crescente";"Saída de pista";1;0;0;0;0;0;0;0;0;0;2;0;0;0;0
"29/05/2024";"04:29:00";"8415";"Com vítima";"147,000";"BR-476/PR";"Decrescente";"Colisão traseira";1;0;0;1;0;0;0;0;0;0;1;1;0;0;0
"29/05/2024";"05:00:42";"8420";"Sem vítima";"208,000";"BR-277/PR";"Crescente";"Colisão lateral no mesmo sentido";0;0;2;0;0;0;0;0;0;0;1;0;0;0;0
"29/05/2024";"07:27:05";"8435";"Sem vítima";"153,000";"BR-476/PR";"Crescente";"Colisão lateral no mesmo sentido";1;0;1;0;0;0;0;0;0;0;2;0;0;0;0
"29/05/2024";"02:15:29";"8468";"Com vítima";"151,400";"BR-277/PR";"Decrescente";"Queda de moto";0;0;0;1;0;0;0;0;0;0;0;1;0;0;0
"30/05/2024";"07:28:00";"8524";"Sem vítima";"110,500";"BR-277/PR";"Crescente";"Colisão lateral no mesmo sentido";1;0;1;0;0;0;0;0;0;0;2;0;0;0;0
"30/05/2024";"10:02:24";"8535";"Sem vítima";"141,000";"BR-277/PR";"Decrescente";"Colisão traseira";2;0;0;0;0;0;0;0;0;0;4;0;0;0;0
"30/05/2024";"12:06:00";"8543";"Com vítima";"169,000";"BR-476/PR";"Crescente";"Colisão lateral no mesmo sentido";0;0;2;0;0;0;0;0;0;0;0;3;1;0;0
"30/05/2024";"02:45:39";"8556";"Sem vítima";"122,200";"BR-277/PR";"Decrescente";"Queda de moto";0;0;0;1;0;0;0;0;0;0;1;0;0;0;0
"31/05/2024";"01:09:00";"8640";"Sem vítima";"150,000";"BR-476/PR";"Crescente";"Colisão traseira";2;0;0;0;0;0;0;0;0;0;4;0;0;0;0
"31/05/2024";"07:30:06";"8668";"Sem vítima";"144,000";"BR-277/PR";"Decrescente";"Saída de pista";1;0;1;0;0;0;0;0;0;0;1;0;0;0;0
"31/05/2024";"09:09:00";"8672";"Sem vítima";"33,000";"423/PR";"Crescente";"Colisão transversal";1;0;1;0;0;0;0;0;0;0;0;0;0;0;0
"01/06/2024";"06:18:47";"8701";"Com vítima";"266,440";"BR-373/PR";"Decrescente";"Colisão traseira";1;0;0;1;0;0;0;0;0;0;1;1;0;0;0
"01/06/2024";"03:28:14";"8733";"Com vítima";"230,850";"BR-373/PR";"Crescente";"Colisão frontal";1;0;1;0;0;0;0;0;0;0;2;0;0;0;1
"01/06/2024";"05:03:59";"8738";"Sem vítima";"131,000";"BR-277/PR";"Decrescente";"Colisão traseira";1;0;0;0;0;0;0;0;0;0;2;0;0;0;0
"01/06/2024";"08:02:17";"8748";"Sem vítima";"163,000";"BR-476/PR";"Decrescente";"Saída de pista";1;0;0;0;0;0;0;0;0;0;0;0;0;0;0
"01/06/2024";"09:12:44";"8751";"Com vítima";"36,000";"423/PR";"Crescente";"Colisão frontal";0;0;0;2;0;0;0;0;0;0;0;3;0;0;0
"02/06/2024";"01:55:01";"8763";"Sem vítima";"121,300";"BR-277/PR";"Crescente";"Capotamento";1;0;0;0;0;0;0;0;0;0;0;0;0;0;0
"02/06/2024";"11:39:36";"8793";"Sem vítima";"170,000";"BR-476/PR";"Decrescente";"Choque";1;0;0;0;0;0;0;0;0;0;1;0;0;0;0
"02/06/2024";"12:16:02";"8799";"Com vítima";"120,300";"BR-277/PR";"Decrescente";"Capotamento";1;0;0;0;0;0;0;0;0;0;0;2;0;0;0
"02/06/2024";"03:00:56";"8821";"Com vítima";"142,000";"BR-277/PR";"Decrescente";"Colisão traseira";1;0;0;1;0;0;0;0;0;0;4;1;0;0;0
"02/06/2024";"06:44:35";"8843";"Sem vítima";"174,400";"BR-277/PR";"Crescente";"Choque";1;0;0;0;0;0;0;0;0;0;1;0;0;0;0
"02/06/2024";"06:50:00";"8844";"Sem vítima";"199,000";"BR-277/PR";"Crescente";"Saída de pista";1;0;0;0;0;0;0;0;0;0;1;0;0;0;0
"03/06/2024";"04:50:27";"8861";"Com vítima";"600,800";"BR-376/PR";"Decrescente";"Colisão traseira";2;0;0;0;0;0;0;0;0;0;1;1;0;0;0
"03/06/2024";"05:35:00";"8926";"Com vítima";"35,800";"427/PR";"Crescente";"Colisão lateral no mesmo sentido";0;0;2;0;0;0;0;0;0;0;1;0;1;0;0
"04/06/2024";"01:41:53";"8938";"Sem vítima";"107,500";"BR-277/PR";"Decrescente";"Choque";1;0;0;0;0;0;0;0;0;0;1;0;0;0;0
"04/06/2024";"05:14:58";"8951";"Com vítima";"249,600";"BR-277/PR";"Decrescente";"Colisão traseira";1;0;1;0;0;0;0;0;0;0;0;4;0;0;0
"04/06/2024";"03:37:17";"8998";"Com vítima";"594,800";"BR-376/PR";"Decrescente";"Colisão traseira";1;0;0;1;0;0;0;0;0;0;1;1;0;0;0
"04/06/2024";"04:14:26";"9003";"Com vítima";"594,800";"BR-376/PR";"Decrescente";"Queda de moto";0;0;1;1;0;0;0;0;0;0;0;1;0;0;0
"04/06/2024";"05:34:44";"9013";"Sem vítima";"3,600";"Acesso BR";"Crescente";"Colisão traseira";2;0;0;0;0;0;0;0;0;0;2;0;0;0;0
"04/06/2024";"05:43:19";"9016";"Com vítima";"4,600";"Acesso BR";"Crescente";"Colisão transversal";2;0;0;0;0;0;0;0;0;0;1;1;0;0;0
"05/06/2024";"02:17:46";"9048";"Sem vítima";"594,800";"BR-376/PR";"Decrescente";"Tombamento";1;0;0;0;0;0;0;0;0;0;1;0;0;0;0
"05/06/2024";"06:21:20";"9069";"Com vítima";"163,400";"BR-277/PR";"Decrescente";"Colisão traseira";1;0;0;1;0;0;0;0;0;0;1;0;1;0;0
"05/06/2024";"06:43:16";"9071";"Sem vítima";"601,779";"BR-376/PR";"Decrescente";"Engavetamento";1;0;2;0;0;0;0;0;0;0;3;0;0;0;0
"05/06/2024";"10:09:00";"9086";"Com vítima";"68,000";"427/PR";"Decrescente";"Capotamento";0;0;1;0;0;0;0;0;0;0;0;1;0;0;0
"05/06/2024";"02:45:00";"9107";"Com vítima";"162,000";"BR-476/PR";"Decrescente";"Colisão frontal";0;0;1;0;0;0;0;0;0;1;1;0;0;0;1
"05/06/2024";"04:41:31";"9114";"Sem vítima";"128,100";"BR-277/PR";"Crescente";"Colisão lateral no mesmo sentido";1;0;1;0;0;0;0;0;0;0;2;0;0;0;0
"06/06/2024";"02:49:07";"9252";"Sem vítima";"119,400";"BR-277/PR";"Decrescente";"Colisão traseira";1;0;1;0;0;0;0;0;0;0;4;0;0;0;0
"07/06/2024";"12:24:00";"9353";"Sem vítima";"602,760";"BR-376/PR";"Crescente";"Engavetamento";0;0;2;0;0;0;0;0;0;1;3;0;0;0;0
"07/06/2024";"02:07:24";"9360";"Com vítima";"264,400";"BR-373/PR";"Crescente";"Engavetamento";1;0;0;1;0;0;0;0;0;1;2;1;2;0;0
"07/06/2024";"02:35:50";"9361";"Com vítima";"154,950";"BR-476/PR";"Crescente";"Colisão frontal";1;0;0;1;0;0;0;0;0;0;1;1;0;0;0
"07/06/2024";"03:02:00";"9362";"Sem vítima";"126,100";"BR-277/PR";"Crescente";"Colisão traseira";1;0;0;0;0;0;0;0;0;0;1;0;0;0;0
"08/06/2024";"03:20:28";"9385";"Sem vítima";"256,620";"BR-373/PR";"Decrescente";"Saída de pista";1;0;0;0;0;0;0;0;0;0;1;0;0;0;0
"08/06/2024";"10:07:00";"9430";"Com vítima";"597,779";"BR-376/PR";"Crescente";"Engavetamento";2;0;0;0;0;0;0;0;0;0;3;1;0;0;0
"08/06/2024";"11:58:30";"9439";"Com vítima";"269,400";"BR-373/PR";"Decrescente";"Saída de pista";1;0;0;0;0;0;0;0;0;0;0;1;0;0;1
"08/06/2024";"02:17:19";"9448";"Com vítima";"1,600";"Acesso BR";"Crescente";"Colisão lateral no mesmo sentido";2;0;0;0;0;0;0;0;0;0;2;1;0;0;0
"08/06/2024";"05:07:33";"9463";"Sem vítima";"160,400";"BR-277/PR";"Decrescente";"Colisão traseira";2;0;0;0;0;0;0;0;0;0;2;0;0;0;0
"08/06/2024";"09:18:56";"9480";"Sem vítima";"155,000";"BR-476/PR";"Crescente";"Choque";1;0;0;0;0;0;0;0;0;0;1;0;0;0;0
"09/06/2024";"01:08:24";"9485";"Sem vítima";"605,760";"BR-376/PR";"Decrescente";"Capotamento";1;0;0;0;0;0;0;0;0;0;1;0;0;0;0
"09/06/2024";"10:11:00";"9514";"Com vítima";"3,600";"418/PR";"Crescente";"Colisão traseira";1;0;0;1;0;0;0;0;0;0;1;2;0;0;0
"09/06/2024";"03:46:20";"9547";"Com vítima";"185,980";"BR-476/PR";"Crescente";"Choque";1;0;0;1;0;0;0;0;0;0;0;1;0;0;0
"09/06/2024";"04:24:03";"9552";"Sem vítima";"228,850";"BR-373/PR";"Crescente";"Saída de pista";1;0;0;0;0;0;0;0;0;0;4;0;0;0;0
"09/06/2024";"08:15:12";"9569";"Com vítima";"0,000";"418/PR";"Crescente";"Queda de moto";0;0;0;1;0;0;0;0;0;0;0;1;0;0;0
"10/06/2024";"03:38:00";"9578";"Sem vítima";"592,700";"BR-376/PR";"Decrescente";"Colisão lateral no mesmo sentido";1;0;1;0;0;0;0;0;0;0;2;0;0;0;0
"10/06/2024";"06:09:00";"9591";"Com vítima";"154,400";"BR-277/PR";"Crescente";"Colisão traseira";0;0;0;2;0;0;0;0;0;0;1;1;0;0;0
"10/06/2024";"08:30:47";"9617";"Com vítima";"203,000";"BR-277/PR";"Crescente";"Colisão traseira";1;0;2;0;0;0;0;0;0;0;0;3;1;0;0
"10/06/2024";"10:51:00";"9631";"Com vítima";"180,700";"BR-476/PR";"Decrescente";"Tombamento";0;0;2;0;0;0;0;0;0;0;1;1;0;0;0
"10/06/2024";"03:10:21";"9653";"Sem vítima";"122,200";"BR-277/PR";"Crescente";"Colisão traseira";2;0;0;0;0;0;0;0;0;0;2;0;0;0;0
"10/06/2024";"05:52:00";"9667";"Sem vítima";"122,200";"BR-277/PR";"Decrescente";"Capotamento";1;0;0;0;0;0;0;0;0;0;1;0;0;0;0
"11/06/2024";"05:19:00";"9690";"Sem vítima";"118,300";"BR-277/PR";"Decrescente";"Choque";0;0;1;0;0;0;0;0;0;0;1;0;0;0;0
"11/06/2024";"07:46:24";"9713";"Sem vítima";"21,000";"418/PR";"Decrescente";"Colisão traseira";2;0;0;0;0;0;0;0;0;0;2;0;0;0;0
"11/06/2024";"08:15:00";"9714";"Sem vítima";"113,450";"BR-277/PR";"Decrescente";"Choque";1;0;0;0;0;0;0;0;0;0;1;0;0;0;0
"11/06/2024";"02:05:00";"9757";"Sem vítima";"118,300";"BR-277/PR";"Decrescente";"Choque";1;0;0;1;0;0;0;0;0;0;2;0;0;0;0
"11/06/2024";"03:46:32";"9762";"Com vítima";"228,850";"BR-373/PR";"Decrescente";"Colisão frontal";1;0;0;0;0;0;0;0;0;1;3;2;0;0;0
"12/06/2024";"03:49:00";"9788";"Sem vítima";"116,400";"BR-277/PR";"Crescente";"Colisão transversal";1;0;1;0;0;0;0;0;0;0;2;0;0;0;0
"12/06/2024";"04:34:00";"9791";"Com vítima";"20,800";"418/PR";"Decrescente";"Colisão lateral no mesmo sentido";1;0;1;0;0;0;0;0;0;0;1;0;0;1;0
"12/06/2024";"06:20:14";"9804";"Com vítima";"597,779";"BR-376/PR";"Crescente";"Engavetamento";0;0;3;0;0;0;0;0;0;0;3;1;0;0;0
"12/06/2024";"02:37:00";"9842";"Sem vítima";"148,000";"BR-476/PR";"Decrescente";"Engavetamento";4;0;0;0;0;0;0;0;0;0;4;0;0;0;0
"13/06/2024";"03:31:46";"9882";"Com vítima";"597,779";"BR-376/PR";"Decrescente";"Colisão lateral no mesmo sentido";0;0;0;1;0;0;0;0;0;0;1;1;0;0;0
"13/06/2024";"05:18:00";"9887";"Sem vítima";"1,600";"Acesso BR";"Decrescente";"Colisão traseira";1;0;0;0;0;0;0;0;0;0;1;0;0;0;0
"13/06/2024";"05:41:57";"9896";"Com vítima";"604,770";"BR-376/PR";"Decrescente";"Colisão lateral no mesmo sentido";0;0;1;1;0;0;0;0;0;0;1;1;0;0;0
"13/06/2024";"12:22:05";"9935";"Com vítima";"146,000";"BR-277/PR";"Crescente";"Colisão traseira";0;0;3;0;0;0;0;0;0;0;2;1;0;0;0
"13/06/2024";"12:22:32";"9936";"Com vítima";"146,000";"BR-277/PR";"Crescente";"Colisão traseira";0;0;3;0;0;0;0;0;0;0;2;1;0;0;0
"13/06/2024";"03:13:00";"9955";"Sem vítima";"12,000";"423/PR";"Decrescente";"Colisão lateral no mesmo sentido";0;0;1;0;0;0;0;0;0;1;1;0;0;0;0
"13/06/2024";"03:48:00";"9960";"Sem vítima";"599,779";"BR-376/PR";"Crescente";"Engavetamento";0;0;1;0;0;0;0;0;0;0;1;0;0;0;0
"14/06/2024";"12:50:26";"12";"Sem vítima";"293,200";"BR-277/PR";"Crescente";"Tombamento";0;0;1;0;0;0;0;0;0;0;1;0;0;0;0
"14/06/2024";"07:00:45";"42";"Sem vítima";"117,300";"BR-277/PR";"Crescente";"Colisão traseira";1;0;0;0;0;0;0;0;0;1;2;0;0;0;0
"14/06/2024";"07:45:00";"47";"Com vítima";"147,000";"BR-476/PR";"Decrescente";"Colisão lateral no mesmo sentido";0;0;1;1;0;0;0;0;0;0;1;1;0;0;0
"14/06/2024";"01:59:41";"87";"Com vítima";"1,600";"Acesso BR";"Decrescente";"Atropelamento de animal";0;0;0;1;0;0;0;0;0;0;0;0;2;0;0
"14/06/2024";"03:23:26";"92";"Sem vítima";"148,200";"BR-476/PR";"Decrescente";"Colisão traseira";2;0;0;0;0;0;0;0;0;0;2;0;0;0;0
"14/06/2024";"04:11:00";"95";"Sem vítima";"145,500";"BR-476/PR";"Decrescente";"Colisão traseira";1;0;1;0;0;0;0;0;0;0;2;0;0;0;0
"14/06/2024";"05:57:49";"103";"Com vítima";"211,280";"BR-373/PR";"Decrescente";"Colisão frontal";1;0;1;0;0;0;0;0;0;0;1;0;0;0;1
"14/06/2024";"07:25:59";"111";"Com vítima";"7,200";"418/PR";"Crescente";"Colisão lateral no mesmo sentido";1;0;0;1;0;0;0;0;0;0;1;0;1;0;0
"14/06/2024";"07:31:00";"112";"Com vítima";"192,270";"BR-476/PR";"Crescente";"Tombamento";0;0;1;0;0;0;0;0;0;0;0;1;1;0;0
"15/06/2024";"06:48:00";"25";"Sem vítima";"131,000";"BR-277/PR";"Crescente";"Colisão lateral no mesmo sentido";1;0;1;0;0;0;0;0;0;0;3;0;0;0;0
"15/06/2024";"08:41:01";"33";"Com vítima";"4,600";"Acesso BR";"Decrescente";"Queda de moto";0;0;0;1;0;0;0;0;0;0;0;1;0;0;0
"15/06/2024";"11:08:25";"38";"Com vítima";"156,000";"BR-476/PR";"Crescente";"Colisão traseira";1;0;1;0;0;0;0;0;0;0;1;1;0;0;0
"15/06/2024";"11:33:00";"42";"Sem vítima";"128,100";"BR-277/PR";"Decrescente";"Colisão lateral no mesmo sentido";2;0;0;0;0;0;0;0;0;0;2;0;0;0;0
"15/06/2024";"03:11:04";"60";"Com vítima";"194,200";"BR-476/PR";"Decrescente";"Engavetamento";1;0;0;0;0;0;0;0;0;2;2;3;0;0;0
"15/06/2024";"06:09:00";"75";"Sem vítima";"172,850";"BR-476/PR";"Crescente";"Colisão traseira";2;0;0;0;0;0;0;0;0;0;5;0;0;0;0
"15/06/2024";"11:44:24";"4";"Sem vítima";"278,370";"BR-373/PR";"Crescente";"Capotamento";1;0;0;0;0;0;0;0;0;0;1;0;0;0;0
"16/06/2024";"06:44:16";"21";"Com vítima";"0,600";"Acesso BR";"Decrescente";"Capotamento";1;0;0;0;0;0;0;0;0;0;0;1;0;0;0
"16/06/2024";"03:50:03";"66";"Sem vítima";"120,300";"BR-277/PR";"Decrescente";"Colisão traseira";1;0;1;0;0;0;0;0;0;0;2;0;0;0;0
"16/06/2024";"08:03:12";"84";"Com vítima";"600,800";"BR-376/PR";"Crescente";"Choque";1;0;0;0;0;0;0;0;0;0;0;1;0;0;0
"17/06/2024";"12:49:40";"9";"Sem vítima";"605,760";"BR-376/PR";"Crescente";"Queda de moto";0;0;0;1;0;0;0;0;0;0;1;0;0;0;0
"17/06/2024";"05:39:00";"23";"Sem vítima";"125,200";"BR-277/PR";"Decrescente";"Colisão lateral no mesmo sentido";1;0;1;0;0;0;0;0;0;0;2;0;0;0;0
"17/06/2024";"12:05:00";"58";"Sem vítima";"41,000";"427/PR";"Decrescente";"Colisão traseira";1;0;1;1;0;0;0;0;0;0;2;0;0;0;0
"17/06/2024";"12:18:45";"60";"Com vítima";"272,400";"BR-373/PR";"Decrescente";"Colisão traseira";2;0;0;0;0;0;0;0;0;0;1;2;0;0;0
"17/06/2024";"01:16:40";"69";"Sem vítima";"37,000";"427/PR";"Crescente";"Choque";0;0;1;0;0;0;0;0;0;0;0;0;0;0;0
"18/06/2024";"10:05:13";"78";"Com vítima";"156,050";"BR-476/PR";"Crescente";"Colisão lateral no mesmo sentido";0;0;0;1;0;0;0;0;0;1;1;0;1;0;0
"18/06/2024";"12:35:04";"93";"Sem vítima";"255,600";"BR-277/PR";"Crescente";"Colisão traseira";0;0;1;0;0;0;0;0;0;1;2;0;0;0;0
"19/06/2024";"09:31:41";"52";"Com vítima";"603,779";"BR-376/PR";"Crescente";"Queda de moto";0;0;0;1;0;0;0;0;0;0;0;0;1;0;0
"19/06/2024";"10:53:20";"57";"Com vítima";"173,100";"BR-476/PR";"Decrescente";"Colisão frontal";2;0;0;0;0;0;0;0;0;0;0;0;0;1;0
"19/06/2024";"12:49:19";"76";"Com vítima";"244,770";"BR-373/PR";"Crescente";"Colisão frontal";0;0;1;1;0;0;0;0;0;0;1;0;0;0;1
"19/06/2024";"02:46:48";"87";"Com vítima";"199,500";"BR-373/PR";"Decrescente";"Colisão lateral no mesmo sentido";0;0;2;0;0;0;0;0;0;0;1;1;0;0;0
"20/06/2024";"12:59:29";"6";"Com vítima";"174,400";"BR-277/PR";"Decrescente";"Capotamento";1;0;0;0;0;0;0;0;0;0;0;2;0;0;0
"20/06/2024";"04:57:47";"14";"Com vítima";"10,000";"423/PR";"Crescente";"Colisão traseira";0;0;1;1;0;0;0;0;0;0;1;0;1;0;0
"20/06/2024";"08:06:55";"51";"Sem vítima";"195,000";"BR-476/PR";"Decrescente";"Colisão traseira";0;0;2;0;0;0;0;0;0;0;2;0;0;0;0
"20/06/2024";"11:29:10";"69";"Com vítima";"594,800";"BR-376/PR";"Crescente";"Colisão traseira";1;0;0;0;0;0;0;0;0;0;0;1;0;0;0
"20/06/2024";"01:49:15";"82";"Com vítima";"121,300";"BR-277/PR";"Decrescente";"Queda de moto";0;0;0;1;0;0;0;0;0;0;0;2;0;0;0
"20/06/2024";"10:29:32";"5";"Sem vítima";"591,820";"BR-376/PR";"Crescente";"Colisão frontal";1;0;1;0;0;0;0;0;0;0;2;0;0;0;0
"21/06/2024";"08:18:00";"63";"Com vítima";"131,000";"BR-277/PR";"Decrescente";"Colisão transversal";1;0;1;0;0;0;0;0;0;0;2;0;1;0;0
"21/06/2024";"10:36:51";"75";"Sem vítima";"227,850";"BR-373/PR";"Decrescente";"Colisão transversal";1;0;1;0;0;0;0;0;0;0;3;0;0;0;0
"21/06/2024";"10:40:26";"76";"Sem vítima";"603,779";"BR-376/PR";"Decrescente";"Colisão lateral no mesmo sentido";1;0;0;0;0;0;0;0;0;0;2;0;0;0;0
"21/06/2024";"03:34:53";"95";"Com vítima";"120,300";"BR-277/PR";"Decrescente";"Atropelamento de pedestre";1;0;0;0;0;0;0;0;0;0;1;0;0;0;1
"21/06/2024";"06:41:35";"109";"Com vítima";"160,000";"BR-476/PR";"Crescente";"Colisão frontal";1;0;1;0;0;0;0;0;0;0;1;0;0;0;1
"21/06/2024";"07:47:30";"112";"Com vítima";"260,510";"BR-373/PR";"Crescente";"Colisão frontal";1;0;1;0;0;0;0;0;0;0;1;0;0;0;1
"21/06/2024";"08:48:43";"118";"Sem vítima";"39,120";"427/PR";"Crescente";"Colisão lateral no mesmo sentido";1;0;1;0;0;0;0;0;0;0;2;0;0;0;0
"21/06/2024";"11:28:00";"7";"Sem vítima";"598,779";"BR-376/PR";"Crescente";"Colisão traseira";0;0;0;2;0;0;0;0;0;0;4;0;0;0;0
"22/06/2024";"04:04:36";"14";"Com vítima";"263,500";"BR-373/PR";"Decrescente";"Colisão traseira";1;0;0;1;0;0;0;0;0;0;0;2;0;0;0
"22/06/2024";"04:28:03";"16";"Sem vítima";"206,000";"BR-277/PR";"Decrescente";"Tombamento";0;0;1;0;0;0;0;0;0;0;1;0;0;0;0
"22/06/2024";"07:55:14";"28";"Com vítima";"214,000";"BR-277/PR";"Decrescente";"Queda de moto";0;0;0;1;0;0;0;0;0;0;0;1;0;0;0
"22/06/2024";"11:18:11";"39";"Com vítima";"248,600";"BR-277/PR";"Decrescente";"Capotamento";1;0;0;0;0;0;0;0;0;0;0;0;1;0;0
"22/06/2024";"07:08:00";"75";"Com vítima";"217,000";"BR-277/PR";"Decrescente";"Colisão frontal";2;0;0;0;0;0;0;0;0;0;1;3;0;0;0
"22/06/2024";"11:39:08";"9";"Com vítima";"35,900";"427/PR";"Crescente";"Atropelamento de pedestre";0;0;0;1;0;0;0;0;0;0;2;1;0;0;0
"23/06/2024";"02:27:00";"10";"Com vítima";"258,500";"BR-373/PR";"Decrescente";"Saída de pista";1;0;0;0;0;0;0;0;0;0;0;1;0;0;0
"23/06/2024";"04:41:00";"59";"Sem vítima";"118,300";"BR-277/PR";"Decrescente";"Engavetamento";2;0;0;0;0;0;0;0;0;1;4;0;0;0;0
"23/06/2024";"05:04:36";"62";"Sem vítima";"121,300";"BR-277/PR";"Crescente";"Engavetamento";3;0;0;0;0;0;0;0;0;0;3;0;0;0;0
"23/06/2024";"08:01:39";"70";"Sem vítima";"233,840";"BR-373/PR";"Crescente";"Saída de pista";1;0;0;0;0;0;0;0;0;0;1;0;0;0;0